{
  "run_started_utc": "2026-02-19T05:33:22+00:00",
  "inputs": {
    "primary": {
      "path": "data/mimic_sup_ppi_h2ra.parquet",
      "size_bytes": 1354067,
      "sha256": "a92cba2cf4aaba2127e97d3c0637d07c94a0aef5fac4494fb528c5392bbeb63f"
    },
    "external": {
      "path": "data/eicu_sup_ppi_h2ra.parquet",
      "size_bytes": 546908,
      "sha256": "0680ffe5064a69cdfed53a374faa0d8f88a093fe483ca745bf2a98d324f95ed5"
    }
  },
  "outputs": {
    "primary_dir": "output/multicohort_run/mimic",
    "external_dir": "output/multicohort_run/eicu",
    "combined_dir": "output/multicohort_run/combined"
  },
  "run_finished_utc": "2026-02-19T05:33:22+00:00"
}