{
  "run_started_utc": "2026-02-19T05:33:13+00:00",
  "input": {
    "path": "data/mimic_sup_ppi_h2ra.parquet",
    "size_bytes": 1354067,
    "sha256": "a92cba2cf4aaba2127e97d3c0637d07c94a0aef5fac4494fb528c5392bbeb63f"
  },
  "code_manifest": [
    {
      "path": "/Users/simanan/Desktop/dlfx/configs/study_default.yaml",
      "size_bytes": 944,
      "sha256": "579175f963ab8a1d3805bd0bf755825cd62704c4cab10ba4e994ddad8146f5d5"
    },
    {
      "path": "/Users/simanan/Desktop/dlfx/configs/study_negative_control_1d.yaml",
      "size_bytes": 621,
      "sha256": "f8161daa5de148ba43c6d2ae6de0a20af405678f5c718a6db8be58e13378d3f5"
    },
    {
      "path": "/Users/simanan/Desktop/dlfx/protocol/codebook.md",
      "size_bytes": 4902,
      "sha256": "c01bec972d9a32f3863ce35c56765da803c96032503a89c89801c2c879e5818e"
    },
    {
      "path": "/Users/simanan/Desktop/dlfx/protocol/protocol.md",
      "size_bytes": 7260,
      "sha256": "f59dd5448442ceb5d3cbe0b8d49ab2b8a570b2a7ca5ee21a76adcb71c698d15f"
    },
    {
      "path": "/Users/simanan/Desktop/dlfx/protocol/strobe_record_checklist.md",
      "size_bytes": 4535,
      "sha256": "b917f752a587cf3eb0b5dd84cbb4b8d716ae8aba3e6a81e4092645bb9e9f6f66"
    },
    {
      "path": "/Users/simanan/Desktop/dlfx/scripts/__pycache__/extract_eicu_duckdb.cpython-314.pyc",
      "size_bytes": 18567,
      "sha256": "3bca0180904c8e78cf6fc09c1bcff64ffdb54000bee0892e44a77ecacd97f5a0"
    },
    {
      "path": "/Users/simanan/Desktop/dlfx/scripts/__pycache__/extract_mimic_duckdb.cpython-314.pyc",
      "size_bytes": 13051,
      "sha256": "dd952ad98d615a8601140518974aeffd1a70b9a5100d705594b027a8a9c1cb4a"
    },
    {
      "path": "/Users/simanan/Desktop/dlfx/scripts/__pycache__/validate_analysis_table.cpython-314.pyc",
      "size_bytes": 5018,
      "sha256": "3456fac5fb1e19e364a9c42929906b0476d9f6770a6a41dc06b2022da3e2ebc8"
    },
    {
      "path": "/Users/simanan/Desktop/dlfx/scripts/build_review_bundle.py",
      "size_bytes": 10267,
      "sha256": "e6acdd2749af48278824b010654d377d483d72c2c96a4c902abcfc09c305422f"
    },
    {
      "path": "/Users/simanan/Desktop/dlfx/scripts/extract_eicu_duckdb.py",
      "size_bytes": 21089,
      "sha256": "f0cefd707d01fc4b2ebc688216dd862608e4fea4477a7e19d243439c2275538d"
    },
    {
      "path": "/Users/simanan/Desktop/dlfx/scripts/extract_mimic_duckdb.py",
      "size_bytes": 10912,
      "sha256": "37e18817d8d36fe5c57c30034cb8060d510386d0b6b1f88278045b62be57a315"
    },
    {
      "path": "/Users/simanan/Desktop/dlfx/scripts/generate_attrition_flow.py",
      "size_bytes": 24199,
      "sha256": "7b9d9d500bbd0e748c05741addd9e36750e40c5c7de97a17be41d98f03bb129a"
    },
    {
      "path": "/Users/simanan/Desktop/dlfx/scripts/generate_synthetic_table.py",
      "size_bytes": 960,
      "sha256": "20f80562338886162eebd8c56914ae460655e71eedc66cc28bf9d0a3a320503b"
    },
    {
      "path": "/Users/simanan/Desktop/dlfx/scripts/lint_manuscript.py",
      "size_bytes": 3124,
      "sha256": "0b4cd192565636cd7b526cf4d276bf9847eaa53631cb61c71bb03625d9f92a39"
    },
    {
      "path": "/Users/simanan/Desktop/dlfx/scripts/make_figure4_and_supplement.py",
      "size_bytes": 7046,
      "sha256": "e3e6a8c42fd5c0d50ad83b6f05019cfd6a58bf0d88c5ac3e2f813aed33f7edb1"
    },
    {
      "path": "/Users/simanan/Desktop/dlfx/scripts/make_publication_board.py",
      "size_bytes": 13493,
      "sha256": "15b3e0d174bf23d512d39ae391b86752d195860b8622f26827451bbbc69b092b"
    },
    {
      "path": "/Users/simanan/Desktop/dlfx/scripts/rebuild_combined_from_existing.py",
      "size_bytes": 9796,
      "sha256": "f35936b2a6e946616aebd2abba82274aa230304ff0ef77aa3d86b83d50404e47"
    },
    {
      "path": "/Users/simanan/Desktop/dlfx/scripts/run_multicohort.py",
      "size_bytes": 3134,
      "sha256": "89976e1110194d4856a6414cf790937b88687224c3bb6f266e425db80acc4ea4"
    },
    {
      "path": "/Users/simanan/Desktop/dlfx/scripts/run_primary_analysis.py",
      "size_bytes": 9662,
      "sha256": "066640039d32e193e4221478d311a5101486dcbf93e0b2ce0a7d791a4fc49281"
    },
    {
      "path": "/Users/simanan/Desktop/dlfx/scripts/run_sensitivity_suite.py",
      "size_bytes": 29469,
      "sha256": "b25b89bf36316cb35adce42aba3163dea9fbabd2126c5a852caf7149945a3d91"
    },
    {
      "path": "/Users/simanan/Desktop/dlfx/scripts/run_study.py",
      "size_bytes": 1115,
      "sha256": "b5ce0b8058b07a358ae36bfb97ae2b60b1fcf51b3b9990c5abba7731b37514df"
    },
    {
      "path": "/Users/simanan/Desktop/dlfx/scripts/validate_analysis_table.py",
      "size_bytes": 2712,
      "sha256": "b953970e28a451a766c184ae0bb26999643f7d01c11908c416384b020b8d93ac"
    },
    {
      "path": "/Users/simanan/Desktop/dlfx/sql/eicu/README.md",
      "size_bytes": 820,
      "sha256": "d6553b6d5b60519f3ea41327c20ea0071783fb9a171cb59941a6231081a8ab90"
    },
    {
      "path": "/Users/simanan/Desktop/dlfx/sql/eicu/build_analysis_table.sql",
      "size_bytes": 9748,
      "sha256": "c5ac0f76db6fae62fb17d1a4c2115f93cb8a3ff3db33d623e1f0405b1605d549"
    },
    {
      "path": "/Users/simanan/Desktop/dlfx/sql/mimic/README.md",
      "size_bytes": 1370,
      "sha256": "534109d8c2cd944a0a8274ebc2f6904803042f5bde02752462cb42afa2bebef8"
    },
    {
      "path": "/Users/simanan/Desktop/dlfx/sql/mimic/build_analysis_table.sql",
      "size_bytes": 14424,
      "sha256": "220d543e85d83c7b893768cabf26a0ef25a1602cb66f85068976890cb17794c2"
    },
    {
      "path": "/Users/simanan/Desktop/dlfx/src/dlfx/__init__.py",
      "size_bytes": 61,
      "sha256": "bfead18833a0677b1048c40aab4be051066fa5e3a4a071578acb00c7a2ad83ce"
    },
    {
      "path": "/Users/simanan/Desktop/dlfx/src/dlfx/__pycache__/__init__.cpython-312.pyc",
      "size_bytes": 219,
      "sha256": "9d703d472a67dc547b2de5cda008fc16fe3855b4717fa746715f045c440f33a9"
    },
    {
      "path": "/Users/simanan/Desktop/dlfx/src/dlfx/__pycache__/__init__.cpython-314.pyc",
      "size_bytes": 221,
      "sha256": "c3ff971ed04661fcbe1bc38266a547850a5207fc91b79954d6725e4482d98c05"
    },
    {
      "path": "/Users/simanan/Desktop/dlfx/src/dlfx/__pycache__/_version.cpython-312.pyc",
      "size_bytes": 171,
      "sha256": "1a2b67fb28340b33bfe81cf5eafad676c6928368aaf5039b3894c64768b08827"
    },
    {
      "path": "/Users/simanan/Desktop/dlfx/src/dlfx/__pycache__/_version.cpython-314.pyc",
      "size_bytes": 173,
      "sha256": "670a4fa49a4dfd5c2606ba7a8e8abc534167da9b7557fe8ba171f81731b8ae87"
    },
    {
      "path": "/Users/simanan/Desktop/dlfx/src/dlfx/__pycache__/audit.cpython-312.pyc",
      "size_bytes": 4673,
      "sha256": "ee874be88bf81c8ee8bef602ef99b95a61fe1d42889a8b990acbc2872130696f"
    },
    {
      "path": "/Users/simanan/Desktop/dlfx/src/dlfx/__pycache__/balance.cpython-312.pyc",
      "size_bytes": 5878,
      "sha256": "8ef1f822f3970672cdd667c3bbfe1f33a4d0e8d3e1f1d0375393252f8e38462e"
    },
    {
      "path": "/Users/simanan/Desktop/dlfx/src/dlfx/__pycache__/effects.cpython-312.pyc",
      "size_bytes": 20746,
      "sha256": "66005a9892322e0885cd43c9bd208461f202ac672bf42b5fc49ee26ef0110cea"
    },
    {
      "path": "/Users/simanan/Desktop/dlfx/src/dlfx/__pycache__/io.cpython-312.pyc",
      "size_bytes": 2047,
      "sha256": "a85b2fe26ee225a4273f0492204494efb1edf49e74a76315755ac8d8a9f0fd7c"
    },
    {
      "path": "/Users/simanan/Desktop/dlfx/src/dlfx/__pycache__/meta.cpython-312.pyc",
      "size_bytes": 7289,
      "sha256": "6fa2c3957dbde7efa0ad2dd671944c543cffad3b5770e2d8737fb5816535573d"
    },
    {
      "path": "/Users/simanan/Desktop/dlfx/src/dlfx/__pycache__/plots.cpython-312.pyc",
      "size_bytes": 11092,
      "sha256": "13538f488aeafe097972dcb46c713ab359822fc7d23cff947f2dff141876b60c"
    },
    {
      "path": "/Users/simanan/Desktop/dlfx/src/dlfx/__pycache__/preprocess.cpython-312.pyc",
      "size_bytes": 4138,
      "sha256": "9c366dbabf2332fd0ece52a29cd88d9f9af65662c356c991177f0514580ab02c"
    },
    {
      "path": "/Users/simanan/Desktop/dlfx/src/dlfx/__pycache__/ps.cpython-312.pyc",
      "size_bytes": 4982,
      "sha256": "20e323a53ef4763ea01a22b17848dfcae8f4937b08929958928c4b5313712784"
    },
    {
      "path": "/Users/simanan/Desktop/dlfx/src/dlfx/__pycache__/ps.cpython-314.pyc",
      "size_bytes": 5332,
      "sha256": "672c4c9d649d6e8f626e8c0528902405b03435a92ba62a8a71e5d45c90c99a24"
    },
    {
      "path": "/Users/simanan/Desktop/dlfx/src/dlfx/__pycache__/study.cpython-312.pyc",
      "size_bytes": 19570,
      "sha256": "ce4583e45ad35a0f5539cc2906323f6d71439aa903d0f2145b62fc79ab9bcb76"
    },
    {
      "path": "/Users/simanan/Desktop/dlfx/src/dlfx/__pycache__/study.cpython-314.pyc",
      "size_bytes": 19965,
      "sha256": "465d08d44f796dfdc378ecd67be0e829b94f91dab17278d1e70ff170ce1a60e8"
    },
    {
      "path": "/Users/simanan/Desktop/dlfx/src/dlfx/__pycache__/table1.cpython-312.pyc",
      "size_bytes": 7369,
      "sha256": "d3a9672b8fafe5b404de875301a99e47e335293cbfec5a22ef0d0fd0bcc98320"
    },
    {
      "path": "/Users/simanan/Desktop/dlfx/src/dlfx/__pycache__/table1.cpython-314.pyc",
      "size_bytes": 8538,
      "sha256": "29191d83366464f1dc37a20d74731a570132dc524812bc204b72d1bc623a4e54"
    },
    {
      "path": "/Users/simanan/Desktop/dlfx/src/dlfx/_version.py",
      "size_bytes": 23,
      "sha256": "a7833154ef22876fa19e1ec8355064aea30a04319390cb28d4b11b33a9b1de38"
    },
    {
      "path": "/Users/simanan/Desktop/dlfx/src/dlfx/audit.py",
      "size_bytes": 2623,
      "sha256": "67d7c0447166087a067ededfe54759a295febb4044564256b3f36a6aeafc46ed"
    },
    {
      "path": "/Users/simanan/Desktop/dlfx/src/dlfx/balance.py",
      "size_bytes": 2968,
      "sha256": "9ff85a293fbecaa72e80b70dcacf71d38889c470eceb0e7278c172e87e956a42"
    },
    {
      "path": "/Users/simanan/Desktop/dlfx/src/dlfx/effects.py",
      "size_bytes": 12783,
      "sha256": "a1f9e275ab0d7905e1bdd2d5f88fa8ac6c48d59bbb3dd4dedc8677ba04bcb3ca"
    },
    {
      "path": "/Users/simanan/Desktop/dlfx/src/dlfx/io.py",
      "size_bytes": 1057,
      "sha256": "dcee0696a47541cd7c3d4d7ff684fb7ebb8cccd1130d18e458fde14dcffb0f8a"
    },
    {
      "path": "/Users/simanan/Desktop/dlfx/src/dlfx/meta.py",
      "size_bytes": 4570,
      "sha256": "25bd9105495e09c17f1602a54f068becf008426fe7de42034105f57a7406ece4"
    },
    {
      "path": "/Users/simanan/Desktop/dlfx/src/dlfx/plots.py",
      "size_bytes": 6742,
      "sha256": "9fb15a4242974612b71808b74de4a1366fa30f5acd7098952bb150b2fdbbe66e"
    },
    {
      "path": "/Users/simanan/Desktop/dlfx/src/dlfx/preprocess.py",
      "size_bytes": 2407,
      "sha256": "924835b3c753944175409c6b8f11f61596c9e48854e055c7d624c1c3fd06a73d"
    },
    {
      "path": "/Users/simanan/Desktop/dlfx/src/dlfx/ps.py",
      "size_bytes": 3290,
      "sha256": "34ea11b5426483e6996819945e9ff22dd870b853a75fdfcffe9aa18b7f3eace7"
    },
    {
      "path": "/Users/simanan/Desktop/dlfx/src/dlfx/study.py",
      "size_bytes": 15795,
      "sha256": "fbd0f937afc3129bb620c2f93797a1bb5d407cda6355673ae2b99a72856664e5"
    },
    {
      "path": "/Users/simanan/Desktop/dlfx/src/dlfx/synthetic.py",
      "size_bytes": 4055,
      "sha256": "6600f7adf68010858124a56213fc37ee127c74b901aaae16a8e889e5f9e817d8"
    },
    {
      "path": "/Users/simanan/Desktop/dlfx/src/dlfx/table1.py",
      "size_bytes": 4877,
      "sha256": "0e2fedd809dd93c6bc97aed2471a7e5e17f0cd89e52a127135d033e2c4700f8e"
    },
    {
      "path": "/Users/simanan/Desktop/dlfx/src/dlfx.egg-info/PKG-INFO",
      "size_bytes": 2416,
      "sha256": "87862370f278de2cf63768947c29f94933a45c0d033629b8589ab4374cea3c96"
    },
    {
      "path": "/Users/simanan/Desktop/dlfx/src/dlfx.egg-info/SOURCES.txt",
      "size_bytes": 483,
      "sha256": "8a85c4e9726540cd4d80ef3d483cc27e7e93c4813d157211e3f3beec56c96294"
    },
    {
      "path": "/Users/simanan/Desktop/dlfx/src/dlfx.egg-info/dependency_links.txt",
      "size_bytes": 1,
      "sha256": "01ba4719c80b6fe911b091a7c05124b64eeece964e09c058ef8f9805daca546b"
    },
    {
      "path": "/Users/simanan/Desktop/dlfx/src/dlfx.egg-info/requires.txt",
      "size_bytes": 128,
      "sha256": "80c2be100ff25fbfde79752b15d706a6c8df6d5de72a47b9c66c28cb39dced3e"
    },
    {
      "path": "/Users/simanan/Desktop/dlfx/src/dlfx.egg-info/top_level.txt",
      "size_bytes": 5,
      "sha256": "f9adb7464b44b039fcb0ca8f540cfe414b4decceedb5c181390b4ca6455c2042"
    }
  ],
  "config": {
    "treatment_col": "treatment",
    "treated_label": "ppi",
    "control_label": "h2ra",
    "covariates_requested": [
      "age_years",
      "sex",
      "race",
      "sofa_24h",
      "hgb_min_24h",
      "platelet_min_24h",
      "inr_max_24h",
      "creatinine_max_24h",
      "lactate_max_24h"
    ],
    "covariates_missing_in_input": [],
    "covariates_dropped": [
      {
        "name": "sofa_24h",
        "reason": "all_missing"
      }
    ],
    "covariates_used": [
      "age_years",
      "sex",
      "race",
      "hgb_min_24h",
      "platelet_min_24h",
      "inr_max_24h",
      "creatinine_max_24h",
      "lactate_max_24h"
    ],
    "ps": {
      "spline_continuous": true,
      "spline_n_knots": 5,
      "spline_degree": 3,
      "weight_truncation": [
        0.01,
        0.99
      ]
    },
    "outcomes": [
      {
        "name": "cigib_strict",
        "label": "Strict CIGIB (primary)",
        "event_col": "cigib_strict_event",
        "time_col": "cigib_strict_time_days",
        "horizon_days": 14.0,
        "required": true
      },
      {
        "name": "ugib_broad",
        "label": "Broad UGIB (ICD-based)",
        "event_col": "ugib_broad_event",
        "time_col": "ugib_broad_time_days",
        "horizon_days": 14.0,
        "required": false
      },
      {
        "name": "cdi",
        "label": "C. difficile (lab/ICD)",
        "event_col": "cdi_event",
        "time_col": "cdi_time_days",
        "horizon_days": 14.0,
        "required": false
      },
      {
        "name": "death",
        "label": "Mortality",
        "event_col": "death_event_28d",
        "time_col": "death_time_days",
        "horizon_days": 28.0,
        "required": false
      }
    ]
  },
  "weights": {
    "n": 22783,
    "n_treated": 9444,
    "n_control": 13339,
    "weight_min": 0.483976137231064,
    "weight_p01": 0.48398899704634046,
    "weight_p50": 0.8767751518113837,
    "weight_p99": 2.7238037920821028,
    "weight_max": 2.7244368932243566,
    "ess_treated": 7959.893015778086,
    "ess_control": 11780.644578978421
  },
  "balance": {
    "threshold_max_abs_smd": 0.1,
    "max_abs_smd_weighted": 0.01510595563381813,
    "pass": true
  },
  "skipped_outcomes": [],
  "environment": {
    "python": "3.12.12 (main, Oct  9 2025, 11:07:00) [Clang 17.0.0 (clang-1700.3.19.1)]",
    "executable": "/Users/simanan/Desktop/dlfx/.venv/bin/python",
    "platform": "macOS-26.3-arm64-arm-64bit",
    "machine": "arm64",
    "cwd": "/Users/simanan/Desktop/dlfx",
    "packages": {
      "numpy": "2.4.2",
      "pandas": "3.0.1",
      "scipy": "1.17.0",
      "scikit-learn": "1.8.0",
      "statsmodels": "0.14.6",
      "matplotlib": "3.10.8",
      "pyarrow": "23.0.1",
      "pyyaml": "6.0.3"
    }
  },
  "git": {
    "present": true,
    "head": null,
    "describe": null,
    "status_porcelain": "?? .gitignore\n?? .playwright-cli/\n?? README.md\n?? _archive/\n?? configs/\n?? data/\n?? docs/\n?? openspec/\n?? output/\n?? protocol/\n?? pyproject.toml\n?? requirements.txt\n?? scripts/\n?? sql/\n?? src/\n?? tests/\n?? uv.lock\n?? wget-log\n?? wget-log.1\n?? wget-log.2"
  },
  "outputs": [
    {
      "path": "output/multicohort_run/mimic/audit/run_audit.json",
      "size_bytes": 16969,
      "sha256": "fc66ca7635996bc194bef05f3d58507cf451ac1a276b19edc6145821fed08222"
    },
    {
      "path": "output/multicohort_run/mimic/figures/forest_ratio.png",
      "size_bytes": 42931,
      "sha256": "739ec0cc6f118e66e44ea4a103e99968f8b5d86ae699dbc18169cedc3e22b763"
    },
    {
      "path": "output/multicohort_run/mimic/figures/km_cigib_strict.png",
      "size_bytes": 47421,
      "sha256": "8e81ab94523aa4f9a0e3a510405ccb500c36320e631ada3c6a01ba1b22d3e8c0"
    },
    {
      "path": "output/multicohort_run/mimic/figures/km_death.png",
      "size_bytes": 51153,
      "sha256": "73ae717bb3cb94141635818b0bcb4210c46f753fc3a8d9e375d5bba878de737d"
    },
    {
      "path": "output/multicohort_run/mimic/figures/love_plot.png",
      "size_bytes": 272473,
      "sha256": "20c6e18e32803e4702061e972cf1f4b480f8da334c59aa1655a0c476c99cdb9f"
    },
    {
      "path": "output/multicohort_run/mimic/figures/ps_overlap_unweighted.png",
      "size_bytes": 40864,
      "sha256": "77dfd3092c3e1fe78ac9080113fcf2165a9ce28b2e72ae4960b1ff371dea946d"
    },
    {
      "path": "output/multicohort_run/mimic/figures/ps_overlap_weighted.png",
      "size_bytes": 40373,
      "sha256": "4294e4660247cf5ef71d90764a6246c809742da13040a5db8b531e7031b3410b"
    },
    {
      "path": "output/multicohort_run/mimic/figures/weights_hist.png",
      "size_bytes": 30749,
      "sha256": "c117d3cb3f533e1c42abca6132bfc4fd659681730dabeaeb97038bf21792f5cd"
    },
    {
      "path": "output/multicohort_run/mimic/tables/analysis_table_used.parquet",
      "size_bytes": 2089742,
      "sha256": "0047afbb2c9a27e83805fd6c8138f0bd9a5a0f2ab6a3e948d5e1c3c1b86a318b"
    },
    {
      "path": "output/multicohort_run/mimic/tables/balance_smd.csv",
      "size_bytes": 2779,
      "sha256": "c8123a5ab36f8423b32f613564426060a78dead9dd26c873b51ba09c95705587"
    },
    {
      "path": "output/multicohort_run/mimic/tables/effect_estimates.csv",
      "size_bytes": 1136,
      "sha256": "2a5a1665cdf2edaf6ba4b1370c240114afbc029821b9debe30025e10eb0521cb"
    },
    {
      "path": "output/multicohort_run/mimic/tables/table1.csv",
      "size_bytes": 3013,
      "sha256": "01e5a7f1af77d74138e7ecdf8850c6f5cd16ab178abedee94e5db06f2363fbea"
    }
  ],
  "run_finished_utc": "2026-02-19T05:33:13+00:00"
}