outcome,outcome_label,ratio_mimic,ratio_lo_mimic,ratio_hi_mimic,effect_type_mimic,ratio_eicu,ratio_lo_eicu,ratio_hi_eicu,effect_type_eicu,pooled_ratio,pooled_ratio_lo,pooled_ratio_hi,pooled_tau2
cdi,C. difficile (lab/ICD),1.531088600769794,1.2861665515146594,1.8226506517732957,rr,inf,inf,inf,rr,,,,
cigib_strict,Strict CIGIB (primary),4.020047459567663,3.218445139882077,5.021300930973316,hr,4.64455668891183,3.721741416751606,5.79618636034739,hr,4.322287144764423,3.6944933883161153,5.05675993923237,0.0
death,Mortality,1.3116983004418492,1.221055904010575,1.4090693355896788,hr,0.8607564815911187,0.784005731533762,0.9450207961511774,hr,1.0637498808751118,0.7039591146174914,1.6074283087827756,0.08693001051756975
ugib_broad,Broad UGIB (ICD-based),5.725741122577525,5.0486986299100955,6.4935766235979795,rr,4.64455668891183,3.721741416751606,5.79618636034739,hr,,,,
