sensitivity_id	landmark_hours	subgroup_name	subgroup_level	cohort	n	outcome	outcome_label	effect_type	ratio	ratio_lo	ratio_hi	tau2
G1_SUBGROUP_SUP_DRIVER	24	sup_indication_mv_24h	mv_0	eicu	3208.0	cigib_strict	Strict CIGIB (primary)	hr	6.920469116321148	3.853154338307534	12.429528792503904	
G1_SUBGROUP_SUP_DRIVER	24	sup_indication_mv_24h	mv_0	eicu	3208.0	death	Mortality	hr	0.8005763410735941	0.5991890296226594	1.069649887098911	
G1_SUBGROUP_SUP_DRIVER	24	sup_indication_mv_24h	mv_0	eicu	3208.0	ugib_broad	Broad UGIB (ICD-based)	hr	6.920469116321148	3.853154338307534	12.429528792503904	
G1_SUBGROUP_SUP_DRIVER	24	sup_indication_mv_24h	mv_0	mimic	2850.0	cdi	C. difficile (lab/ICD)	rr	1.178976368956077	0.7530758127351634	1.8457441535779031	
G1_SUBGROUP_SUP_DRIVER	24	sup_indication_mv_24h	mv_0	mimic	2850.0	cigib_strict	Strict CIGIB (primary)	hr	6.273961853341599	2.3488212505716852	16.758447381896342	
G1_SUBGROUP_SUP_DRIVER	24	sup_indication_mv_24h	mv_0	mimic	2850.0	death	Mortality	hr	1.302150438754705	1.033291731588342	1.640965192417302	
G1_SUBGROUP_SUP_DRIVER	24	sup_indication_mv_24h	mv_0	mimic	2850.0	ugib_broad	Broad UGIB (ICD-based)	rr	6.45059710371158	3.780417755696112	11.006773770363443	
G1_SUBGROUP_SUP_DRIVER	24	sup_indication_mv_24h	mv_0	pooled		cigib_strict	Strict CIGIB (primary)	pooled_random_effects	6.744823713120399	4.0786045201517656	11.15397354568186	0.0
G1_SUBGROUP_SUP_DRIVER	24	sup_indication_mv_24h	mv_0	pooled		death	Mortality	pooled_random_effects	1.0293735144188534	0.6392284758286401	1.6576386569973052	0.1004234591139674
G1_SUBGROUP_SUP_DRIVER	24	sup_indication_mv_24h	mv_1	eicu	14543.0	cigib_strict	Strict CIGIB (primary)	hr	4.178464871125326	3.282256441259225	5.319379820465851	
G1_SUBGROUP_SUP_DRIVER	24	sup_indication_mv_24h	mv_1	eicu	14543.0	death	Mortality	hr	0.9417094607284452	0.8534745514993214	1.0390663750519151	
G1_SUBGROUP_SUP_DRIVER	24	sup_indication_mv_24h	mv_1	eicu	14543.0	ugib_broad	Broad UGIB (ICD-based)	hr	4.178464871125326	3.282256441259225	5.319379820465851	
G1_SUBGROUP_SUP_DRIVER	24	sup_indication_mv_24h	mv_1	mimic	19933.0	cdi	C. difficile (lab/ICD)	rr	1.4489659107285664	1.1888278330576572	1.7660271336797004	
G1_SUBGROUP_SUP_DRIVER	24	sup_indication_mv_24h	mv_1	mimic	19933.0	cigib_strict	Strict CIGIB (primary)	hr	3.819879126183625	3.0378201718781654	4.803271988819548	
G1_SUBGROUP_SUP_DRIVER	24	sup_indication_mv_24h	mv_1	mimic	19933.0	death	Mortality	hr	1.2888588288244112	1.1940613278987606	1.3911823805246586	
G1_SUBGROUP_SUP_DRIVER	24	sup_indication_mv_24h	mv_1	mimic	19933.0	ugib_broad	Broad UGIB (ICD-based)	rr	5.60308923780577	4.909946594158949	6.394083602490303	
G1_SUBGROUP_SUP_DRIVER	24	sup_indication_mv_24h	mv_1	pooled		cigib_strict	Strict CIGIB (primary)	pooled_random_effects	3.9857709870911138	3.375550292236619	4.706305338739615	0.0
G1_SUBGROUP_SUP_DRIVER	24	sup_indication_mv_24h	mv_1	pooled		death	Mortality	pooled_random_effects	1.1034514691697104	0.8113298918261308	1.500752230479543	0.0472207586791404
G2_SUBGROUP_LIVER_DX	24	liver_disease	liver_0	eicu	17063.0	cigib_strict	Strict CIGIB (primary)	hr	4.426379058488213	3.4883997660955064	5.616567160636194	
G2_SUBGROUP_LIVER_DX	24	liver_disease	liver_0	eicu	17063.0	death	Mortality	hr	0.8313868661649833	0.7547459380808964	0.9158103228606526	
G2_SUBGROUP_LIVER_DX	24	liver_disease	liver_0	eicu	17063.0	ugib_broad	Broad UGIB (ICD-based)	hr	4.426379058488213	3.4883997660955064	5.616567160636194	
G2_SUBGROUP_LIVER_DX	24	liver_disease	liver_0	mimic	19462.0	cdi	C. difficile (lab/ICD)	rr	1.485967647854806	1.2199373192657483	1.810010904330846	
G2_SUBGROUP_LIVER_DX	24	liver_disease	liver_0	mimic	19462.0	cigib_strict	Strict CIGIB (primary)	hr	3.797636797516602	2.9178924914526307	4.942623927406025	
G2_SUBGROUP_LIVER_DX	24	liver_disease	liver_0	mimic	19462.0	death	Mortality	hr	1.1808218813186773	1.0876039735396603	1.2820294420799436	
G2_SUBGROUP_LIVER_DX	24	liver_disease	liver_0	mimic	19462.0	ugib_broad	Broad UGIB (ICD-based)	rr	5.583890275077729	4.820610382337114	6.468025443074933	
G2_SUBGROUP_LIVER_DX	24	liver_disease	liver_0	pooled		cigib_strict	Strict CIGIB (primary)	pooled_random_effects	4.131791637955589	3.4626312152771757	4.930268653548535	0.0
G2_SUBGROUP_LIVER_DX	24	liver_disease	liver_0	pooled		death	Mortality	pooled_random_effects	0.9917705859851036	0.7032016111414005	1.3987580227933394	0.0594575832768267
G2_SUBGROUP_LIVER_DX	24	liver_disease	liver_1	eicu	688.0	cigib_strict	Strict CIGIB (primary)	hr	4.597133998308902	2.4317460341526784	8.690727033825073	
G2_SUBGROUP_LIVER_DX	24	liver_disease	liver_1	eicu	688.0	death	Mortality	hr	1.3049031501665245	0.8756166085619741	1.944655017577822	
G2_SUBGROUP_LIVER_DX	24	liver_disease	liver_1	eicu	688.0	ugib_broad	Broad UGIB (ICD-based)	hr	4.597133998308902	2.4317460341526784	8.690727033825073	
G2_SUBGROUP_LIVER_DX	24	liver_disease	liver_1	mimic	3321.0	cdi	C. difficile (lab/ICD)	rr	1.478852902845219	0.9423314519506186	2.3208457106325446	
G2_SUBGROUP_LIVER_DX	24	liver_disease	liver_1	mimic	3321.0	cigib_strict	Strict CIGIB (primary)	hr	3.0125854166809822	1.9404604915615984	4.677070691346683	
G2_SUBGROUP_LIVER_DX	24	liver_disease	liver_1	mimic	3321.0	death	Mortality	hr	1.352005672184278	1.1460763846388369	1.5949367442855866	
G2_SUBGROUP_LIVER_DX	24	liver_disease	liver_1	mimic	3321.0	ugib_broad	Broad UGIB (ICD-based)	rr	3.730121179318328	2.8343940570610497	4.9089165910918595	
G2_SUBGROUP_LIVER_DX	24	liver_disease	liver_1	pooled		cigib_strict	Strict CIGIB (primary)	pooled_random_effects	3.486196783766113	2.3511477721347465	5.169206359201424	0.0113433511421412
G2_SUBGROUP_LIVER_DX	24	liver_disease	liver_1	pooled		death	Mortality	pooled_random_effects	1.3450034169224383	1.1545712796778909	1.566844960873901	0.0
G3_SUBGROUP_ANTITHROMBOTIC	24	antithrombotic_any_24h	antith_0	eicu	8393.0	cigib_strict	Strict CIGIB (primary)	hr	5.310320069838191	3.9398111711427064	7.157576345453959	
G3_SUBGROUP_ANTITHROMBOTIC	24	antithrombotic_any_24h	antith_0	eicu	8393.0	death	Mortality	hr	0.8545427478884337	0.7515559698615826	0.9716419498380238	
G3_SUBGROUP_ANTITHROMBOTIC	24	antithrombotic_any_24h	antith_0	eicu	8393.0	ugib_broad	Broad UGIB (ICD-based)	hr	5.310320069838191	3.9398111711427064	7.157576345453959	
G3_SUBGROUP_ANTITHROMBOTIC	24	antithrombotic_any_24h	antith_0	mimic	4402.0	cdi	C. difficile (lab/ICD)	rr	1.222338097186879	0.7915071073129953	1.8876778364083664	
G3_SUBGROUP_ANTITHROMBOTIC	24	antithrombotic_any_24h	antith_0	mimic	4402.0	cigib_strict	Strict CIGIB (primary)	hr	8.916601223442594	5.033021171658483	15.796829511785898	
G3_SUBGROUP_ANTITHROMBOTIC	24	antithrombotic_any_24h	antith_0	mimic	4402.0	death	Mortality	hr	1.019584982514861	0.8778283552837807	1.1842332619043356	
G3_SUBGROUP_ANTITHROMBOTIC	24	antithrombotic_any_24h	antith_0	mimic	4402.0	ugib_broad	Broad UGIB (ICD-based)	rr	12.046996453871882	8.584492070783591	16.906081613557156	
G3_SUBGROUP_ANTITHROMBOTIC	24	antithrombotic_any_24h	antith_0	pooled		cigib_strict	Strict CIGIB (primary)	pooled_random_effects	6.4819796068471	3.954356404367181	10.625258658319025	0.0801309875788447
G3_SUBGROUP_ANTITHROMBOTIC	24	antithrombotic_any_24h	antith_0	pooled		death	Mortality	pooled_random_effects	0.929360474567656	0.781844041428736	1.1047099497110449	0.0105277778798149
G3_SUBGROUP_ANTITHROMBOTIC	24	antithrombotic_any_24h	antith_1	eicu	9358.0	cigib_strict	Strict CIGIB (primary)	hr	2.7271889082408833	1.9318631083682825	3.849941183210501	
G3_SUBGROUP_ANTITHROMBOTIC	24	antithrombotic_any_24h	antith_1	eicu	9358.0	death	Mortality	hr	0.8408453839960497	0.7324039735062177	0.965342878197072	
G3_SUBGROUP_ANTITHROMBOTIC	24	antithrombotic_any_24h	antith_1	eicu	9358.0	ugib_broad	Broad UGIB (ICD-based)	hr	2.7271889082408833	1.9318631083682825	3.849941183210501	
G3_SUBGROUP_ANTITHROMBOTIC	24	antithrombotic_any_24h	antith_1	mimic	18381.0	cdi	C. difficile (lab/ICD)	rr	1.6510596749992013	1.3582811540781847	2.0069468255697784	
G3_SUBGROUP_ANTITHROMBOTIC	24	antithrombotic_any_24h	antith_1	mimic	18381.0	cigib_strict	Strict CIGIB (primary)	hr	2.6920270346728836	2.0994386442480666	3.4518796609106257	
G3_SUBGROUP_ANTITHROMBOTIC	24	antithrombotic_any_24h	antith_1	mimic	18381.0	death	Mortality	hr	1.4149836533641802	1.3004005540635095	1.5396630930611392	
G3_SUBGROUP_ANTITHROMBOTIC	24	antithrombotic_any_24h	antith_1	mimic	18381.0	ugib_broad	Broad UGIB (ICD-based)	rr	3.977353140741473	3.4460731803617928	4.590540356576303	
G3_SUBGROUP_ANTITHROMBOTIC	24	antithrombotic_any_24h	antith_1	pooled		cigib_strict	Strict CIGIB (primary)	pooled_random_effects	2.70400448961976	2.210174501103824	3.308173303163247	0.0
G3_SUBGROUP_ANTITHROMBOTIC	24	antithrombotic_any_24h	antith_1	pooled		death	Mortality	pooled_random_effects	1.0940315699503838	0.6569462652896036	1.8219223386869643	0.1320326414976317
S1_LANDMARK_12H	12			eicu	15714.0	cigib_strict	Strict CIGIB (primary)	hr	5.930415988359905	4.733222791310192	7.430420106056219	
S1_LANDMARK_12H	12			eicu	15714.0	death	Mortality	hr	0.8476031807181836	0.7700302921493145	0.9329907658025908	
S1_LANDMARK_12H	12			eicu	15714.0	ugib_broad	Broad UGIB (ICD-based)	hr	5.930415988359905	4.733222791310192	7.430420106056219	
S1_LANDMARK_12H	12			mimic	22342.0	cdi	C. difficile (lab/ICD)	rr	1.631925163112133	1.3590938627077775	1.959525983505364	
S1_LANDMARK_12H	12			mimic	22342.0	cigib_strict	Strict CIGIB (primary)	hr	5.446175637504928	4.321046221612489	6.864270260798935	
S1_LANDMARK_12H	12			mimic	22342.0	death	Mortality	hr	1.302083561419685	1.210610485559147	1.4004682935951138	
S1_LANDMARK_12H	12			mimic	22342.0	ugib_broad	Broad UGIB (ICD-based)	rr	6.089395786140672	5.350345465036248	6.93053210911056	
S1_LANDMARK_12H	12			pooled		cigib_strict	Strict CIGIB (primary)	pooled_random_effects	5.689423837129212	4.840944107717643	6.686617915478336	0.0
S1_LANDMARK_12H	12			pooled		death	Mortality	pooled_random_effects	1.051792619362177	0.6905824669756134	1.601934261362901	0.0902632193705534
S2_LANDMARK_6H	6			eicu	10919.0	cigib_strict	Strict CIGIB (primary)	hr	5.723635955871345	4.516649386455956	7.253166175258254	
S2_LANDMARK_6H	6			eicu	10919.0	death	Mortality	hr	0.9325500898760364	0.8364514855045272	1.0396893127677955	
S2_LANDMARK_6H	6			eicu	10919.0	ugib_broad	Broad UGIB (ICD-based)	hr	5.723635955871345	4.516649386455956	7.253166175258254	
S2_LANDMARK_6H	6			mimic	14874.0	cdi	C. difficile (lab/ICD)	rr	1.4270408061507232	1.1566310920492415	1.760669824992572	
S2_LANDMARK_6H	6			mimic	14874.0	cigib_strict	Strict CIGIB (primary)	hr	5.288997417620394	4.045801541652743	6.914203130232582	
S2_LANDMARK_6H	6			mimic	14874.0	death	Mortality	hr	1.0589527203989593	0.978011426832555	1.146592803799978	
S2_LANDMARK_6H	6			mimic	14874.0	ugib_broad	Broad UGIB (ICD-based)	rr	5.12423126222564	4.393855060786307	5.976015518379796	
S2_LANDMARK_6H	6			pooled		cigib_strict	Strict CIGIB (primary)	pooled_random_effects	5.528774420160517	4.6297986871209	6.602305770670552	0.0
S2_LANDMARK_6H	6			pooled		death	Mortality	pooled_random_effects	0.9993608946542668	0.882744909165376	1.1313825629517995	0.0057165342353367
S3_ALT_EXPOSURE_SOURCE	24			eicu	17751.0	cigib_strict	Strict CIGIB (primary)	hr	4.644556351264939	3.72174114076328	5.796185947433026	
S3_ALT_EXPOSURE_SOURCE	24			eicu	17751.0	death	Mortality	hr	0.8607565903464119	0.7840058288495568	0.9450209176530916	
S3_ALT_EXPOSURE_SOURCE	24			eicu	17751.0	ugib_broad	Broad UGIB (ICD-based)	hr	4.644556351264939	3.72174114076328	5.796185947433026	
S3_ALT_EXPOSURE_SOURCE	24			mimic	20122.0	cdi	C. difficile (lab/ICD)	rr	1.603380438227442	1.3270051387596076	1.937316408656455	
S3_ALT_EXPOSURE_SOURCE	24			mimic	20122.0	cigib_strict	Strict CIGIB (primary)	hr	4.335640720930192	3.4319975042390096	5.477212742075167	
S3_ALT_EXPOSURE_SOURCE	24			mimic	20122.0	death	Mortality	hr	1.277472986811291	1.1831617247363972	1.3793019144497334	
S3_ALT_EXPOSURE_SOURCE	24			mimic	20122.0	ugib_broad	Broad UGIB (ICD-based)	rr	6.148636619968609	5.396233785073352	7.005947812897639	
S3_ALT_EXPOSURE_SOURCE	24			pooled		cigib_strict	Strict CIGIB (primary)	pooled_random_effects	4.495735355673492	3.8280467356225465	5.27988234839711	0.0
S3_ALT_EXPOSURE_SOURCE	24			pooled		death	Mortality	pooled_random_effects	1.0495973807675496	0.7128246137643106	1.5454778643184637	0.0760434971947205
S4_EXCLUDE_EARLY_BLEED	24			eicu	17751.0	cigib_strict	Strict CIGIB (primary)	hr	4.644557094096611	3.7217417499262777	5.796186852768725	
S4_EXCLUDE_EARLY_BLEED	24			eicu	17751.0	death	Mortality	hr	0.8607564989203237	0.7840057475793942	0.9450208148614933	
S4_EXCLUDE_EARLY_BLEED	24			eicu	17751.0	ugib_broad	Broad UGIB (ICD-based)	hr	4.644557094096611	3.7217417499262777	5.796186852768725	
S4_EXCLUDE_EARLY_BLEED	24			mimic	17530.0	cdi	C. difficile (lab/ICD)	rr	1.5601078391656544	1.2752829951283589	1.9085461651444264	
S4_EXCLUDE_EARLY_BLEED	24			mimic	17530.0	cigib_strict	Strict CIGIB (primary)	hr	2.4680150231888507	1.8045019211398945	3.375501063937992	
S4_EXCLUDE_EARLY_BLEED	24			mimic	17530.0	death	Mortality	hr	1.2461329962509071	1.15057012577574	1.3496330293629857	
S4_EXCLUDE_EARLY_BLEED	24			mimic	17530.0	ugib_broad	Broad UGIB (ICD-based)	rr	4.418649927342863	3.7978456134319183	5.14093229892087	
S4_EXCLUDE_EARLY_BLEED	24			pooled		cigib_strict	Strict CIGIB (primary)	pooled_random_effects	3.4199939703853404	1.8410165272411472	6.353206820473059	0.1807426267368519
S4_EXCLUDE_EARLY_BLEED	24			pooled		death	Mortality	pooled_random_effects	1.0365312205971	0.7212960687051146	1.4895367074456587	0.0664819872883406
S5_NEG_CONTROL_WINDOW	24			eicu	17751.0	cigib_strict	Strict CIGIB (negative-control window, 1 day)	hr	5.6615075904027385	4.302337511210105	7.450058976700892	
S5_NEG_CONTROL_WINDOW	24			mimic	22783.0	cigib_strict	Strict CIGIB (negative-control window, 1 day)	hr	5.805963590565226	4.061448260970861	8.299801215961102	
S5_NEG_CONTROL_WINDOW	24			pooled		cigib_strict	Strict CIGIB (negative-control window, 1 day)	pooled_random_effects	5.7146985411022895	4.5966977622165075	7.104617511317342	0.0
S6_COMPETING_RISK_DEATH	24			eicu	17751.0	cigib_strict	Strict CIGIB (primary)	hr	4.644556815492679	3.721741454988169	5.796186616732105	
S6_COMPETING_RISK_DEATH	24			eicu	17751.0	cigib_strict_competing_risk_death	Strict CIGIB (competing risk: death)	cif_rr	3.3817216307089133	2.5055428299147744	4.8180740223491565	
S6_COMPETING_RISK_DEATH	24			eicu	17751.0	death	Mortality	hr	0.8607564184465496	0.784005669275851	0.9450207325430022	
S6_COMPETING_RISK_DEATH	24			eicu	17751.0	ugib_broad	Broad UGIB (ICD-based)	hr	4.644556815492679	3.721741454988169	5.796186616732105	
S6_COMPETING_RISK_DEATH	24			mimic	22783.0	cdi	C. difficile (lab/ICD)	rr	1.5310891016835533	1.286166921504296	1.8226513200575416	
S6_COMPETING_RISK_DEATH	24			mimic	22783.0	cigib_strict	Strict CIGIB (primary)	hr	4.020050815141762	3.2184477578127293	5.021305229234139	
S6_COMPETING_RISK_DEATH	24			mimic	22783.0	cigib_strict_competing_risk_death	Strict CIGIB (competing risk: death)	cif_rr	2.9022155731890016	2.3287444759312645	3.7486705745880577	
S6_COMPETING_RISK_DEATH	24			mimic	22783.0	death	Mortality	hr	1.3116984767159288	1.2210560559432335	1.409069538981817	
S6_COMPETING_RISK_DEATH	24			mimic	22783.0	ugib_broad	Broad UGIB (ICD-based)	rr	5.725744111354463	5.048701166718813	6.493580139942598	
S6_COMPETING_RISK_DEATH	24			pooled		cigib_strict	Strict CIGIB (primary)	pooled_random_effects	4.322289006545119	3.694494929719792	5.056762185763165	0.0
S6_COMPETING_RISK_DEATH	24			pooled		cigib_strict_competing_risk_death	Strict CIGIB (competing risk: death)	pooled_random_effects	3.060108753748118	2.5244330919515723	3.7094528726553015	0.0
S6_COMPETING_RISK_DEATH	24			pooled		death	Mortality	pooled_random_effects	1.0637499126537286	0.7039589923215626	1.6074286840758565	0.0869300977010613
