sensitivity_id	landmark_hours	subgroup_name	subgroup_level	cohort	n	outcome	outcome_label	effect_type	ratio	ratio_lo	ratio_hi	tau2
G1_SUBGROUP_SUP_DRIVER	24	sup_indication_mv_24h	mv_0	eicu	3208.0	cigib_strict	Strict CIGIB (primary)	hr	6.920469116321148	3.853154338307534	12.429528792503904	
G1_SUBGROUP_SUP_DRIVER	24	sup_indication_mv_24h	mv_0	mimic	2850.0	cigib_strict	Strict CIGIB (primary)	hr	6.273961853341599	2.3488212505716852	16.758447381896342	
G1_SUBGROUP_SUP_DRIVER	24	sup_indication_mv_24h	mv_0	pooled		cigib_strict	Strict CIGIB (primary)	pooled_random_effects	6.744823713120399	4.0786045201517656	11.15397354568186	0.0
G1_SUBGROUP_SUP_DRIVER	24	sup_indication_mv_24h	mv_1	eicu	14543.0	cigib_strict	Strict CIGIB (primary)	hr	4.178464871125326	3.282256441259225	5.319379820465851	
G1_SUBGROUP_SUP_DRIVER	24	sup_indication_mv_24h	mv_1	mimic	19933.0	cigib_strict	Strict CIGIB (primary)	hr	3.819879126183625	3.0378201718781654	4.803271988819548	
G1_SUBGROUP_SUP_DRIVER	24	sup_indication_mv_24h	mv_1	pooled		cigib_strict	Strict CIGIB (primary)	pooled_random_effects	3.9857709870911138	3.375550292236619	4.706305338739615	0.0
G2_SUBGROUP_LIVER_DX	24	liver_disease	liver_0	eicu	17063.0	cigib_strict	Strict CIGIB (primary)	hr	4.426379058488213	3.4883997660955064	5.616567160636194	
G2_SUBGROUP_LIVER_DX	24	liver_disease	liver_0	mimic	19462.0	cigib_strict	Strict CIGIB (primary)	hr	3.797636797516602	2.9178924914526307	4.942623927406025	
G2_SUBGROUP_LIVER_DX	24	liver_disease	liver_0	pooled		cigib_strict	Strict CIGIB (primary)	pooled_random_effects	4.131791637955589	3.4626312152771757	4.930268653548535	0.0
G2_SUBGROUP_LIVER_DX	24	liver_disease	liver_1	eicu	688.0	cigib_strict	Strict CIGIB (primary)	hr	4.597133998308902	2.4317460341526784	8.690727033825073	
G2_SUBGROUP_LIVER_DX	24	liver_disease	liver_1	mimic	3321.0	cigib_strict	Strict CIGIB (primary)	hr	3.0125854166809822	1.9404604915615984	4.677070691346683	
G2_SUBGROUP_LIVER_DX	24	liver_disease	liver_1	pooled		cigib_strict	Strict CIGIB (primary)	pooled_random_effects	3.486196783766113	2.3511477721347465	5.169206359201424	0.0113433511421412
G3_SUBGROUP_ANTITHROMBOTIC	24	antithrombotic_any_24h	antith_0	eicu	8393.0	cigib_strict	Strict CIGIB (primary)	hr	5.310320069838191	3.9398111711427064	7.157576345453959	
G3_SUBGROUP_ANTITHROMBOTIC	24	antithrombotic_any_24h	antith_0	mimic	4402.0	cigib_strict	Strict CIGIB (primary)	hr	8.916601223442594	5.033021171658483	15.796829511785898	
G3_SUBGROUP_ANTITHROMBOTIC	24	antithrombotic_any_24h	antith_0	pooled		cigib_strict	Strict CIGIB (primary)	pooled_random_effects	6.4819796068471	3.954356404367181	10.625258658319025	0.0801309875788447
G3_SUBGROUP_ANTITHROMBOTIC	24	antithrombotic_any_24h	antith_1	eicu	9358.0	cigib_strict	Strict CIGIB (primary)	hr	2.7271889082408833	1.9318631083682825	3.849941183210501	
G3_SUBGROUP_ANTITHROMBOTIC	24	antithrombotic_any_24h	antith_1	mimic	18381.0	cigib_strict	Strict CIGIB (primary)	hr	2.6920270346728836	2.0994386442480666	3.4518796609106257	
G3_SUBGROUP_ANTITHROMBOTIC	24	antithrombotic_any_24h	antith_1	pooled		cigib_strict	Strict CIGIB (primary)	pooled_random_effects	2.70400448961976	2.210174501103824	3.308173303163247	0.0
S1_LANDMARK_12H	12			eicu	15714.0	cigib_strict	Strict CIGIB (primary)	hr	5.930415988359905	4.733222791310192	7.430420106056219	
S1_LANDMARK_12H	12			mimic	22342.0	cigib_strict	Strict CIGIB (primary)	hr	5.446175637504928	4.321046221612489	6.864270260798935	
S1_LANDMARK_12H	12			pooled		cigib_strict	Strict CIGIB (primary)	pooled_random_effects	5.689423837129212	4.840944107717643	6.686617915478336	0.0
S2_LANDMARK_6H	6			eicu	10919.0	cigib_strict	Strict CIGIB (primary)	hr	5.723635955871345	4.516649386455956	7.253166175258254	
S2_LANDMARK_6H	6			mimic	14874.0	cigib_strict	Strict CIGIB (primary)	hr	5.288997417620394	4.045801541652743	6.914203130232582	
S2_LANDMARK_6H	6			pooled		cigib_strict	Strict CIGIB (primary)	pooled_random_effects	5.528774420160517	4.6297986871209	6.602305770670552	0.0
S3_ALT_EXPOSURE_SOURCE	24			eicu	17751.0	cigib_strict	Strict CIGIB (primary)	hr	4.644556351264939	3.72174114076328	5.796185947433026	
S3_ALT_EXPOSURE_SOURCE	24			mimic	20122.0	cigib_strict	Strict CIGIB (primary)	hr	4.335640720930192	3.4319975042390096	5.477212742075167	
S3_ALT_EXPOSURE_SOURCE	24			pooled		cigib_strict	Strict CIGIB (primary)	pooled_random_effects	4.495735355673492	3.8280467356225465	5.27988234839711	0.0
S4_EXCLUDE_EARLY_BLEED	24			eicu	17751.0	cigib_strict	Strict CIGIB (primary)	hr	4.644557094096611	3.7217417499262777	5.796186852768725	
S4_EXCLUDE_EARLY_BLEED	24			mimic	17530.0	cigib_strict	Strict CIGIB (primary)	hr	2.4680150231888507	1.8045019211398945	3.375501063937992	
S4_EXCLUDE_EARLY_BLEED	24			pooled		cigib_strict	Strict CIGIB (primary)	pooled_random_effects	3.4199939703853404	1.8410165272411472	6.353206820473059	0.1807426267368519
S5_NEG_CONTROL_WINDOW	24			eicu	17751.0	cigib_strict	Strict CIGIB (negative-control window, 1 day)	hr	5.6615075904027385	4.302337511210105	7.450058976700892	
S5_NEG_CONTROL_WINDOW	24			mimic	22783.0	cigib_strict	Strict CIGIB (negative-control window, 1 day)	hr	5.805963590565226	4.061448260970861	8.299801215961102	
S5_NEG_CONTROL_WINDOW	24			pooled		cigib_strict	Strict CIGIB (negative-control window, 1 day)	pooled_random_effects	5.7146985411022895	4.5966977622165075	7.104617511317342	0.0
S6_COMPETING_RISK_DEATH	24			eicu	17751.0	cigib_strict	Strict CIGIB (primary)	hr	4.644556815492679	3.721741454988169	5.796186616732105	
S6_COMPETING_RISK_DEATH	24			eicu	17751.0	cigib_strict_competing_risk_death	Strict CIGIB (competing risk: death)	cif_rr	3.3817216307089133	2.5055428299147744	4.8180740223491565	
S6_COMPETING_RISK_DEATH	24			mimic	22783.0	cigib_strict	Strict CIGIB (primary)	hr	4.020050815141762	3.2184477578127293	5.021305229234139	
S6_COMPETING_RISK_DEATH	24			mimic	22783.0	cigib_strict_competing_risk_death	Strict CIGIB (competing risk: death)	cif_rr	2.9022155731890016	2.3287444759312645	3.7486705745880577	
S6_COMPETING_RISK_DEATH	24			pooled		cigib_strict	Strict CIGIB (primary)	pooled_random_effects	4.322289006545119	3.694494929719792	5.056762185763165	0.0
S6_COMPETING_RISK_DEATH	24			pooled		cigib_strict_competing_risk_death	Strict CIGIB (competing risk: death)	pooled_random_effects	3.060108753748118	2.5244330919515723	3.7094528726553015	0.0
