figure_id	figure_title	claim_id	anchor_table	notes
F0_COHORT_FLOW	Cohort flow / attrition diagram-table	C1_CIGIB_STRICT	output/multicohort_run/combined/attrition_flow.tsv	Generated by `scripts/generate_attrition_flow.py`; keep consistent with protocol exclusions (eligibility, landmark, SUP indication, exposure assignment).
F1_BASELINE_BALANCE	Baseline characteristics + covariate balance diagnostics	C1_CIGIB_STRICT	output/multicohort_run/mimic/tables/balance_smd.csv	Include Table 1 (baseline) plus love plot; report max |SMD| post-adjustment (see run audit).
F2_PRIMARY_EFFECTS	Primary effect estimates with uncertainty (CIGIB/CDI/mortality)	C1_CIGIB_STRICT	output/multicohort_run/combined/effect_estimates_combined.csv	Forest-style plots: HR and absolute risk (RD/RR) at 14 days where applicable.
F3_SENSITIVITY	Sensitivity analyses summary	C1_CIGIB_STRICT	output/multicohort_run/combined/sensitivity_summary.tsv	Generated by `scripts/run_sensitivity_suite.py`. Main Figure 4 should prioritize strict CIGIB robustness (S1–S6) and at most one prespecified subgroup panel (G1), while the full outcome-by-sensitivity table (including G2–G3 and secondary outcomes) goes to supplement; see `docs/FIGURE4_AND_SUPPLEMENT_PLAN.md`.
F4_EXTERNAL_VALIDATION	External validation and cross-cohort comparison (MIMIC vs eICU)	C1_CIGIB_STRICT	output/multicohort_run/combined/effect_estimates_combined.csv	Per-cohort effects and combined comparison; discuss heterogeneity drivers; plot: `output/multicohort_run/combined/forest_ratio_pooled.png`.
