outcome,outcome_label,event_col,time_col,horizon_days,effect_type,ratio,ratio_lo,ratio_hi,risk_treated,risk_control,rd,rr_at_horizon,note,rd_lo,rd_hi
cigib_strict,Strict CIGIB (primary),cigib_strict_event,cigib_strict_time_days,14.0,hr,4.020047459567663,3.218445139882077,5.021300930973316,0.08327521161391171,0.029681090674849697,0.05359412093906202,2.805665483326563,Absolute-risk CI not computed in this scaffold; add bootstrap if needed.,,
ugib_broad,Broad UGIB (ICD-based),ugib_broad_event,,14.0,rr,5.725741122577525,5.0486986299100955,6.4935766235979795,0.14117031589187234,0.02465537873083624,0.1165149371610361,,,0.10836907016470912,0.12466080415736308
cdi,C. difficile (lab/ICD),cdi_event,,14.0,rr,1.5310886007697941,1.2861665515146594,1.8226506517732957,0.03147748169230175,0.02055888971838445,0.010918591973917303,,,0.006305593097352362,0.015531590850482243
death,Mortality,death_event_28d,death_time_days,28.0,hr,1.3116983004418492,1.221055904010575,1.4090693355896788,0.18361507304113878,0.14221253287944513,0.041402540161693646,1.2911314447707007,Absolute-risk CI not computed in this scaffold; add bootstrap if needed.,,
