outcome,outcome_label,event_col,time_col,horizon_days,effect_type,ratio,ratio_lo,ratio_hi,risk_treated,risk_control,rd,rr_at_horizon,note,rd_lo,rd_hi
cigib_strict,Strict CIGIB (primary),cigib_strict_event,cigib_strict_time_days,14.0,hr,4.64455668891183,3.721741416751606,5.79618636034739,0.08836069101790489,0.023232518756360676,0.06512817226154421,3.8033194740761034,Absolute-risk CI not computed in this scaffold; add bootstrap if needed.,,
ugib_broad,Broad UGIB (ICD-based),ugib_broad_event,ugib_broad_time_days,14.0,hr,4.64455668891183,3.721741416751606,5.79618636034739,0.08836069101790489,0.023232518756360676,0.06512817226154421,3.8033194740761034,Absolute-risk CI not computed in this scaffold; add bootstrap if needed.,,
cdi,C. difficile (lab/ICD),cdi_event,,14.0,rr,inf,inf,inf,0.0,0.0,0.0,,,-3.0174497211568355e-08,3.0174497211568355e-08
death,Mortality,death_event_28d,death_time_days,28.0,hr,0.8607564815911187,0.784005731533762,0.9450207961511774,0.4260948149569248,0.4490342220950114,-0.02293940713808662,0.9489139000785716,Absolute-risk CI not computed in this scaffold; add bootstrap if needed.,,
